,position,title,lable,link
0,1,Only / Run The Sketch,Metalheadz,/release/only-run-the-sketch/3819602
1,2,Sativa Jazz (Detlef Remix),Create Music Group,/release/sativa-jazz-detlef-remix/3829200
2,3,Toolroom Ibiza 2022 Vol. 2,Toolroom,/release/toolroom-ibiza-2022-vol-2/3802318
3,4,Sex and the Machine,Drumcode,/release/sex-and-the-machine/3802351
4,5,Summer Sampler 2022,All Day I Dream ,/release/summer-sampler-2022/3816126
5,6,Unity Pt. 3,Afterlife Records,/release/unity-pt-3/3805945
6,7,Rick James,deeperdub,/release/rick-james/3819824
7,8,You & Me,Pillar,/release/you-me/3795244
8,9,Podemos,Phisica,/release/podemos/3799781
9,10,No Worries '22,Cecille,/release/no-worries-22/3792693
10,11,Parsa,The Soundgarden,/release/parsa/3825719
11,12,Driftin,Termenl Records,/release/driftin/3788790
12,13,Blood Moon EP,Pure Dope Digital,/release/blood-moon-ep/3802308
13,14,INDIO'S,33 Degrees Fahrenheit,/release/indios/3817266
14,15,Dreamer,Wisewater Records,/release/dreamer/3818520
15,16,Sun Changes,Serial Killaz,/release/sun-changes/3813410
16,17,So Sweet,MUSE,/release/so-sweet/3812449
17,18,Losing You / Alive,Hospital Records,/release/losing-you-alive/3799017
18,19,Cash Man VIP,Souped Up Records,/release/cash-man-vip/3802013
19,20,Destined EP,Overview Music,/release/destined-ep/3821318
20,21,Fourth Generation EP,Jungle Cakes,/release/fourth-generation-ep/3798498
21,22,Last Night,recordJet,/release/last-night/3792317
22,23,"Take Me with You, Crimson",C.A.Y. Records,/release/take-me-with-you-crimson/3834934
23,24,The Secret,Music is 4 Lovers,/release/the-secret/3821092
24,25,I Want You,Hood Politics Records,/release/i-want-you/3820581
25,26,Repopulate Stars Summer Jams,Repopulate Mars,/release/repopulate-stars-summer-jams/3813753
26,27,Dystopia,Drumcode,/release/dystopia/3794483
27,28,Déepalma Ibiza 2022 - DJ Edition (Compiled & Mixed by Yves Murasca & Rosario Galati),Deepalma,/release/deepalma-ibiza-2022-dj-edition-compiled-mixed-by-yves-murasca-rosario-galati/3747826
28,29,Bad Man,House Keepers Records,/release/bad-man/3825530
29,30,Infinity,Extent,/release/infinity/3823599
30,31,I Want You,FCKNG SERIOUS,/release/i-want-you/3810509
31,32,The Time EP,Seven Dials Records,/release/the-time-ep/3810271
32,33,Gratitude,Enormous Tunes,/release/gratitude/3806379
33,34,Jungly,La Pera Records,/release/jungly/3777021
34,35,Keep Trying,EMrec,/release/keep-trying/3815846
35,36,Let Me Go,Sommersville Records,/release/let-me-go/3813113
36,37,On My Own Now (feat. Lady Donli),CircoLoco Records,/release/on-my-own-now-feat-lady-donli/3810674
37,38,Passion,Crypt Music,/release/passion/3797317
38,39,Belief,Shanti Radio,/release/belief/3792330
39,40,Summer Lovin',Malligator Productions / Because Music,/release/summer-lovin/3815484
40,41,"Resurgence, Pt. 2",Dynamica,/release/resurgence-pt-2/3819261
41,42,Badman EP,Kaluki Musik,/release/badman-ep/3816088
42,43,Head of State EP,No Fun Intended,/release/head-of-state-ep/3809147
43,44,Tonight / Are You Ready,IN / ROTATION (Insomniac Records),/release/tonight-are-you-ready/3800421
44,45,Humble,Hidden Portal Records,/release/humble/3818517
45,46,Here We Go,Footwork,/release/here-we-go/3807946
46,47,From a Vein,1985 Music,/release/from-a-vein/3793391
47,48,dashstar* (VIP),NIGHTMODE,/release/dashstar-vip/3805881
48,49,"PIV Summer Sampler 2022, Pt. 1",PIV,/release/piv-summer-sampler-2022-pt-1/3793960
49,50,Soulvent Meets Hospital,Hospital Records,/release/soulvent-meets-hospital/3753749
50,51,Start Screamin,Hottrax,/release/start-screamin/3787276
51,52,Judge Rinder,Souped Up Records,/release/judge-rinder/3784753
52,53,Toolroom Ibiza 2022,Toolroom,/release/toolroom-ibiza-2022/3733212
53,54,Sentio - Extended Mixes,STMPD RCRDS,/release/sentio-extended-mixes/3731582
54,55,"F_K Llamas, Vol. 1",AlpaKa MuziK,/release/f_k-llamas-vol-1/3822927
55,56,Big Picture,ESSET,/release/big-picture/3821327
56,57,Summer 2022 (Selected),And Dance,/release/summer-2022-selected/3818935
57,58,Toolroom Vaults Vol. 5,Toolroom Trax,/release/toolroom-vaults-vol-5/3816117
58,59,Late Nights-Missed Call,DRK records,/release/late-nights-missed-call/3825173
59,60,Don't Rush EP,Computer Integrated Audio,/release/dont-rush-ep/3818366
60,61,Stolen Land Ep,Inward Records,/release/stolen-land-ep/3814861
61,62,Champ Is the King,Patent Skillz,/release/champ-is-the-king/3814687
62,63,The Wild Awakes,Living Like Birds,/release/the-wild-awakes/3813631
63,64,Sundown,Beyond the Music,/release/sundown/3810321
64,65,Groove Latino EP,Whippin,/release/groove-latino-ep/3809961
65,66,Critical Presents: Binary Vol.25,Critical Music,/release/critical-presents-binary-vol25/3811671
66,67,Rain EP,Exit Strategy,/release/rain-ep/3803432
67,68,Last Standing / Fire,Lost & Found,/release/last-standing-fire/3801584
68,69,Hydra,Delta Heavy,/release/hydra/3760725
69,70,After Us Before Us,Shamanic Tales,/release/after-us-before-us/3814332
70,71,Blood Rave,mau5trap,/release/blood-rave/3810809
71,72,"Bright - Extended Versions, Vol. 2",Extrema Global Music,/release/bright-extended-versions-vol-2/3809291
72,73,LDN FERG,You Do You,/release/ldn-ferg/3807828
73,74,Run & Hide EP,QRUK,/release/run-hide-ep/3805298
74,75,Conmigo,Superfett Records,/release/conmigo/3802299
75,76,Return of the Champion Deejay,Streetlife,/release/return-of-the-champion-deejay/3800190
76,77,Lift Me Up,83,/release/lift-me-up/3799873
77,78,RAVE LOVE,Aggressive Records,/release/rave-love/3823387
78,79,Odyssee,DEEP TALES,/release/odyssee/3807054
79,80,Atlas,Ophelia,/release/atlas/3810056
80,81,Stegosaurus EP,Context Audio,/release/stegosaurus-ep/3809419
81,82,Follow Me,Heimatliebe,/release/follow-me/3809143
82,83,Agony / Escape,Stamina Records,/release/agony-escape/3796011
83,84,Sofa Singles Club - Episode 1,Sofa Sound,/release/sofa-singles-club-episode-1/3790738
84,85,Dystopia,Alienator Records,/release/dystopia/3802728
85,86,Summer Collection 2022,The Soundgarden,/release/summer-collection-2022/3810766
86,87,Trance 100 - Summer 2022 - Extended Versions,Armada Music Albums,/release/trance-100-summer-2022-extended-versions/3809110
87,88,Club Vibes Part 01,Harthouse,/release/club-vibes-part-01/3809872
88,89,DJ Hybrid presents Welcome To The Jungle,Jungle Cakes,/release/dj-hybrid-presents-welcome-to-the-jungle/3781891
89,90,Über Was,Angry Records,/release/uber-was/1806446
